-2.496502084282385425e+01,-3.244076107894962036e-01,1.983743584828057571e+00
5.777775039186213490e+00,-9.368727397665344014e-02,1.080386149190128098e+00
3.441957641611979568e+01,1.144291657534451945e-01,2.857352689407939295e-01
6.096038328797689587e+01,2.999417084007995893e-01,-4.002090559199444897e-01
8.540019565475753893e+01,4.628503539654097443e-01,-9.774468253920876037e-01
1.077390135164616538e+02,6.031551024472755484e-01,-1.445978039475634969e+00
1.279768368730893258e+02,7.208559538463973348e-01,-1.805802698170587028e+00
1.461136657246404980e+02,8.159529081627751035e-01,-2.056920801476943339e+00
1.621495000711152272e+02,8.884459653964084103e-01,-2.199332349394704345e+00
1.760843399125134852e+02,9.383351255472979213e-01,-2.233037341923869157e+00
1.879181852488352149e+02,9.656203886154425264e-01,-2.158035779064438664e+00
1.976510360800804449e+02,9.703017546008435579e-01,-1.974327660816411978e+00
2.052828924062492888e+02,9.523792235034999054e-01,-1.681912987179791763e+00
2.108137542273416045e+02,9.118527953234124572e-01,-1.280791758154574467e+00
2.142436215433574205e+02,8.487224700605807692e-01,-7.709639737407645299e-01
2.155724943542967651e+02,7.629882477150046194e-01,-1.524296339383557353e-01
2.148003726601596668e+02,6.546501282866846738e-01,5.748112612526465881e-01
2.119272564609460687e+02,5.237081117756196003e-01,1.410758711832247769e+00
2.069531457566559993e+02,3.701621981818111751e-01,2.355412717800440703e+00
1.998780405472892880e+02,1.940123875052580660e-01,3.408773279157227165e+00
1.907019408328463328e+02,-4.741320254039282922e-03,4.570840395902617814e+00
1.794248466133268494e+02,-2.260989250960799835e-01,5.841614068036598439e+00
1.660467578887306672e+02,-4.700604270208658120e-01,7.221094295559176146e+00
1.505676746590582979e+02,-7.366258260283941040e-01,8.709281078470343829e+00
1.329875969243094005e+02,-1.025795122118669411e+00,1.030617441677011215e+01
-1.929936751342829382e+00,1.105768861866834873e-02,9.353372217842878200e+00
2.295990853829894007e+01,2.331085307296402176e-01,8.402528492745368283e+00
4.574875932286421687e+01,4.325554757578679022e-01,7.560391323036453670e+00
6.643661560235304364e+01,6.093985237033513469e-01,6.826960708716134363e+00
8.502347737676538486e+01,7.636376745660905518e-01,6.202236649784411249e+00
1.015093446461012263e+02,8.952729283460855170e-01,5.686219146241282552e+00
1.158942174103605964e+02,1.004304285043336353e+00,5.278908198086750048e+00
1.281780956695434952e+02,1.090731744657843283e+00,4.980303805320812849e+00
1.383609794236498942e+02,1.154555307189605529e+00,4.790405967943470955e+00
1.464428686726798503e+02,1.195774972638623979e+00,4.709214685954725255e+00
1.524237634166332782e+02,1.214390741004897745e+00,4.736729959354574859e+00
1.563036636555102348e+02,1.210402612288427715e+00,4.872951788143021545e+00
1.580825693893107768e+02,1.183810586489213446e+00,5.117880172320060872e+00
1.577604806180348191e+02,1.134614663607254936e+00,5.471515111885697280e+00
1.553373973416823333e+02,1.062814843642552187e+00,5.933856606839928105e+00
1.508133195602533760e+02,9.684111265951053094e-01,6.504904657182754235e+00
1.441882472737480043e+02,8.514035124649140807e-01,7.184659262914177447e+00
1.354621804821662181e+02,7.117920012519781681e-01,7.973120424034199516e+00
1.246351191855077900e+02,5.495765929562984597e-01,8.870288140542813338e+00
1.117070633837728337e+02,3.647572875778745116e-01,9.876162412440018912e+00
9.667801307696151980e+01,1.573340851167063237e-01,1.099074323972582512e+01
7.954796826507379137e+01,-7.269301442720521589e-02,1.221403062240022486e+01
6.031692894810930738e+01,-3.253240110538618834e-01,1.354602456046322523e+01
3.898489512606863627e+01,-6.005589047632619026e-01,1.498672505391481202e+01
1.555186679895143698e+01,-8.983976955554079380e-01,1.653613210275499767e+01
3.778798943805667676e+01,3.470118882404995553e-01,1.672115000034980881e+01
5.682488413533015148e+01,5.603932356496004186e-01,1.572281998579271800e+01
7.376078432752716196e+01,7.511706859759571531e-01,1.483319652662422250e+01
8.859569001464765847e+01,9.193442392195697588e-01,1.405227962284432230e+01
1.013296011966917263e+02,1.064913895380438014e+00,1.338006927445301919e+01
1.119625178736592659e+02,1.187879654458562140e+00,1.281656548145031138e+01
1.204944400455503626e+02,1.288241516453942026e+00,1.236176824383619710e+01
1.269253677123649595e+02,1.365999481366577673e+00,1.201567756161067990e+01
1.312553008741031420e+02,1.421153549196469523e+00,1.177829343477375801e+01
1.334842395307647394e+02,1.453703719943616246e+00,1.164961586332542964e+01
1.336121836823498938e+02,1.463649993608019617e+00,1.162964484726570014e+01
1.316391333288585770e+02,1.450992370189678748e+00,1.171838038659456593e+01
1.275650884702907888e+02,1.415730849688592752e+00,1.191582248131202348e+01
1.213900491066465293e+02,1.357865432104763848e+00,1.222197113141807989e+01
1.131140152379257415e+02,1.277396117438190259e+00,1.263682633691272983e+01
1.027369868641284825e+02,1.174322905688871543e+00,1.316038809779597685e+01
9.025896398525480890e+01,1.048645796856810364e+00,1.379265641406781917e+01
7.567994660130466400e+01,9.003647909420041673e-01,1.453363128572825680e+01
5.899993471227799091e+01,7.294798879444536199e-01,1.538331271277728796e+01
4.021892831817478964e+01,5.359910878641588328e-01,1.634170069521491797e+01
1.933692741899517387e+01,3.198983907011198058e-01,1.740879523304113974e+01
-3.646067985260856403e+00,8.120179645533742718e-02,1.858459632625596214e+01
-2.873005789459364223e+01,-1.800986948731909676e-01,1.986910397485937807e+01
-5.591504230900261518e+01,-4.640030832844609376e-01,2.126231817885138753e+01
-8.520102122848811632e+01,-7.705113687784778120e-01,2.276423893823199762e+01
9.418875772537469970e+01,6.834549880759975826e-01,2.408707693234885028e+01
1.073727018302798797e+02,8.881668407832276069e-01,2.304126062833218214e+01
1.184556514301085883e+02,1.070274796407713502e+00,2.210415087970410397e+01
1.274376065248608256e+02,1.229778854949454825e+00,2.127574768646462289e+01
1.343185671145365632e+02,1.366679016408452352e+00,2.055605104861373889e+01
1.390985331991358294e+02,1.480975280784705639e+00,1.994506096615144841e+01
1.417775047786586242e+02,1.572667648078214242e+00,1.944277743907775502e+01
1.423554818531049193e+02,1.641756118288979494e+00,1.904920046739265871e+01
1.408324644224747715e+02,1.688240691416999617e+00,1.876433005109615593e+01
1.372084524867681239e+02,1.712121367462275945e+00,1.858816619018824667e+01
1.314834460459849765e+02,1.713398146424808033e+00,1.852070888466893805e+01
1.236574451001253578e+02,1.692071028304596325e+00,1.856195813453822296e+01
1.137304496491892678e+02,1.648140013101639934e+00,1.871191393979610140e+01
1.017024596931767064e+02,1.581605100815938858e+00,1.897057630044257692e+01
8.757347523208767370e+01,1.492466291447495319e+00,1.933794521647764242e+01
7.134349626592216964e+01,1.380723584996305764e+00,1.981402068790131210e+01
5.301252279468019424e+01,1.246376981462372413e+00,2.039880271471357176e+01
3.258055481836163381e+01,1.089426480845696155e+00,2.109229129691442850e+01
1.004759233696665888e+01,9.098720831462739911e-01,2.189448643450388232e+01
-1.458636464950484424e+01,7.077137883641083649e-01,2.280538812748192612e+01
-4.132131614105276185e+01,4.829515964991993870e-01,2.382499637584857410e+01
-7.015726213767709396e+01,2.355855075515452812e-01,2.495331117960381206e+01
-1.010942026393780679e+02,-3.438447847885306441e-02,2.619033253874764711e+01
-1.341321376461553427e+02,-3.269583615919947617e-01,2.753606045328007568e+01
-1.692710671580091457e+02,-6.421361417878833633e-01,2.899049492320110488e+01
1.672723681106111826e+02,1.020386988125162375e+00,3.145115301384000261e+01
1.746033616231480607e+02,1.216429346130521782e+00,3.035785042036375359e+01
1.798333606306085244e+02,1.389867807053136506e+00,2.937325438227609453e+01
1.829623651329924314e+02,1.540702370893006989e+00,2.849736489957703256e+01
1.839903751302998671e+02,1.668933037650133677e+00,2.773018197226657122e+01
1.829173906225308599e+02,1.774559807324515237e+00,2.707170560034469986e+01
1.797434116096854098e+02,1.857582679916153445e+00,2.652193578381142913e+01
1.744684380917634030e+02,1.918001655425047858e+00,2.608087252266674838e+01
1.670924700687648965e+02,1.955816733851197142e+00,2.574851581691066116e+01
1.576155075406900323e+02,1.971027915194602631e+00,2.552486566654317457e+01
1.460375505075385831e+02,1.963635199455263880e+00,2.540992207156428506e+01
1.323585989693107194e+02,1.933638586633181333e+00,2.540368503197398908e+01
1.165786529260063844e+02,1.881038076728353658e+00,2.550615454777229019e+01
9.869771237762540750e+01,1.805833669740781744e+00,2.571733061895918127e+01
7.871577732416812978e+01,1.708025365670467366e+00,2.603721324553466587e+01
5.663284776563443756e+01,1.587613164517406972e+00,2.646580242749875467e+01
3.244892370202410348e+01,1.444597066281602782e+00,2.700309816485143699e+01
6.164005133337241205e+00,1.278977070963055240e+00,2.764910045759270929e+01
-2.222190794042603557e+01,1.090753178561762127e+00,2.840380930572258222e+01
-5.270881551926584052e+01,8.799253890777257725e-01,2.926722470924104869e+01
-8.529671760318194629e+01,6.464937025109459556e-01,3.023934666814811223e+01
-1.199856141921745802e+02,3.904581188614210108e-01,3.132017518244377285e+01
-1.567755052862439697e+02,1.118186381291509379e-01,3.250971025212803056e+01
-1.956663908853894327e+02,-1.894247396858607102e-01,3.380795187720087824e+01
-2.366582709896116512e+02,-5.132720145836201509e-01,3.521490005766231945e+01
2.570388205937661041e+02,1.357807888387994044e+00,3.881337824482326226e+01
2.585168635139347657e+02,1.545180751691482168e+00,3.767258936188742524e+01
2.578939119290268422e+02,1.709949717912226497e+00,3.664050703434019596e+01
2.551699658390424474e+02,1.852114787050225697e+00,3.571713126218155310e+01
2.503450252439816381e+02,1.971675959105481102e+00,3.490246204541151087e+01
2.434190901438443575e+02,2.068633234077992711e+00,3.419649938403005507e+01
2.343921605386305487e+02,2.142986611967759636e+00,3.359924327803719990e+01
2.232642364283402685e+02,2.194736092774782321e+00,3.311069372743294537e+01
2.100353178129736307e+02,2.223881676499061655e+00,3.273085073221727725e+01
1.947054046925304078e+02,2.230423363140595416e+00,3.245971429239021688e+01
1.772744970670106568e+02,2.214361152699385826e+00,3.229728440795173583e+01
1.577425949364144344e+02,2.175695045175432440e+00,3.224356107890186252e+01
1.361096983007416839e+02,2.114425040568733483e+00,3.229854430524057562e+01
1.123758071599926325e+02,2.030551138879292061e+00,3.246223408696789647e+01
8.654092151416693923e+01,1.924073340107105512e+00,3.273463042408380375e+01
5.860504136326494518e+01,1.794991644252174279e+00,3.311573331658830455e+01
2.856816670728642293e+01,1.643306051314500138e+00,3.360554276448140598e+01
-3.569702453768741179e+00,1.469016561294080425e+00,3.420405876776310095e+01
-3.780856611990031979e+01,1.272123174190916473e+00,3.491128132643339654e+01
-7.414842429110831290e+01,1.052625890005009168e+00,3.572721044049227856e+01
-1.125892769673929479e+02,8.105247087363568470e-01,3.665184610993976122e+01
-1.531311241487538837e+02,5.458196303849619513e-01,3.768518833477584451e+01
-1.957739658351914613e+02,2.585106549508210394e-01,3.882723711500051422e+01
-2.405178020267053398e+02,-5.140221756606144776e-02,4.007799245061377746e+01
-2.873626327232956328e+02,-3.839189871656917274e-01,4.143745434161564845e+01
3.634881151748396633e+02,1.695717688864492256e+00,4.617375262529864699e+01
3.591132075026400230e+02,1.874421057466109097e+00,4.498547745290323263e+01
3.526373053253638545e+02,2.030520528984982587e+00,4.390590883589641891e+01
3.440604086430111579e+02,2.164016103421111392e+00,4.293504677427819871e+01
3.333825174555819331e+02,2.274907780774495514e+00,4.207289126804857204e+01
3.206036317630764643e+02,2.363195561045136284e+00,4.131944231720753891e+01
3.057237515654943536e+02,2.428879444233032370e+00,4.067469992175509930e+01
2.887428768628357147e+02,2.471959430338184216e+00,4.013866408169126032e+01
2.696610076551006614e+02,2.492435519360592266e+00,3.971133479701602198e+01
2.484781439422893072e+02,2.490307711300256077e+00,3.939271206772937006e+01
2.251942857244012544e+02,2.465576006157174760e+00,3.918279589383131878e+01
1.998094330014366733e+02,2.418240403931350091e+00,3.908158627532185392e+01
1.723235857733957346e+02,2.348300904622781626e+00,3.908908321220099680e+01
1.427367440402782677e+02,2.255757508231467590e+00,3.920528670446873321e+01
1.110489078020842726e+02,2.140610214757410645e+00,3.943019675212505604e+01
7.726007705881409038e+01,2.002859024200609461e+00,3.976381335516998661e+01
4.137025181046715261e+01,1.842503936561063149e+00,4.020613651360349650e+01
3.379432057043800341e+00,1.659544951838773486e+00,4.075716622742561412e+01
-3.671238220145596642e+01,1.453982070033738694e+00,4.141690249663632528e+01
-7.890519096503248875e+01,1.225815291145960551e+00,4.218534532123562997e+01
-1.231989942336853119e+02,9.750446151754373902e-01,4.306249470122353529e+01
-1.695937920074146632e+02,7.016700421221716555e-01,4.404835063660003414e+01
-2.180895842862204290e+02,4.056915719861599046e-01,4.514291312736513362e+01
-2.686863710701026093e+02,8.710920476740569018e-02,4.634618217351881242e+01
-3.213841523590612042e+02,-2.540770595340954285e-01,4.765815777506109896e+01
4.866202518538316326e+02,2.034116389554657900e+00,5.353227615526613192e+01
4.763923935892636337e+02,2.204150263454403902e+00,5.229651469341114023e+01
4.640635408196192770e+02,2.351580240271406108e+00,5.116945978694473496e+01
4.496336935448982217e+02,2.476406320005664075e+00,5.015111143586693032e+01
4.331028517651009224e+02,2.578628502657177357e+00,4.924146964017773342e+01
4.144710154802268107e+02,2.658246788225946844e+00,4.844053439987712295e+01
3.937381846902765687e+02,2.715261176711972535e+00,4.774830571496509890e+01
3.709043593952497986e+02,2.749671668115253098e+00,4.716478358544168259e+01
3.459695395951463297e+02,2.761478262435789865e+00,4.668996801130685270e+01
3.189337252899666169e+02,2.750680959673582837e+00,4.632385899256062345e+01
2.897969164797101485e+02,2.717279759828630681e+00,4.606645652920299483e+01
2.585591131643775498e+02,2.661274662900936061e+00,4.591776062123395263e+01
2.252203153439684229e+02,2.582665668890495425e+00,4.587777126865351107e+01
1.897805230184825405e+02,2.481452777797310993e+00,4.594648847146166304e+01
1.522397361879203572e+02,2.357635989621383654e+00,4.612391222965840853e+01
1.125979548522815321e+02,2.211215304362710299e+00,4.641004254324376177e+01
7.085517901156651988e+01,2.042190722021293148e+00,4.680487941221769432e+01
2.701140866577486577e+01,1.850562242597132645e+00,4.730842283658023462e+01
-1.893335618509343021e+01,1.636329866090227014e+00,4.792067281633136133e+01
-6.697911554103791332e+01,1.399493592500578032e+00,4.864162935147108158e+01
-1.171258694020590383e+02,1.140053421828183922e+00,4.947129244199940956e+01
-1.693736177681565778e+02,8.580093540730465707e-01,5.040966208791632397e+01
-2.237223606393307591e+02,5.533613892351648689e-01,5.145673828922183901e+01
-2.801720980155811276e+02,2.261095273145389273e-01,5.261252104591594048e+01
-3.387228298969079106e+02,-1.237462316888321423e-01,5.387701035799864968e+01
6.264352306307421259e+02,2.373003990458489643e+00,6.088894883472573127e+01
6.103544217738058251e+02,2.534368369656365250e+00,5.960570108341115514e+01
5.921726184117931098e+02,2.673128851771496173e+00,5.843115988748517253e+01
5.718898205447039800e+02,2.789285436803883300e+00,5.736532524694779056e+01
5.495060281725382083e+02,2.882838124753526188e+00,5.640819716179900922e+01
5.250212412952959085e+02,2.953786915620424391e+00,5.555977563203881431e+01
4.984354599129773078e+02,3.002131809404579244e+00,5.482006065766722003e+01
4.697486840255821221e+02,3.027872806105989412e+00,5.418905223868421217e+01
4.389609136331105219e+02,3.031009905724654896e+00,5.366675037508980495e+01
4.060721487355625072e+02,3.011543108260575696e+00,5.325315506688400546e+01
3.710823893329378507e+02,2.969472413713753589e+00,5.294826631406678530e+01
3.339916354252367228e+02,2.904797822084186798e+00,5.275208411663816577e+01
2.947998870124594077e+02,2.817519333371875767e+00,5.266460847459814687e+01
2.535071440946052235e+02,2.707636947576820940e+00,5.268583938794671440e+01
2.101134066716747384e+02,2.575150664699021874e+00,5.281577685668388256e+01
1.646186747436678388e+02,2.420060484738477680e+00,5.305442088080964425e+01
1.170229483105842974e+02,2.242366407695191022e+00,5.340177146032400657e+01
6.732622737242456878e+01,2.042068433569158792e+00,5.385782859522696242e+01
1.552851192918808465e+01,1.819166562360382322e+00,5.442259228551850470e+01
-3.837019801912481398e+01,1.573660794068862501e+00,5.509606253119865471e+01
-9.436990247251435449e+01,1.305551128694597551e+00,5.587823933226739115e+01
-1.524706014309800821e+02,1.014837566237589250e+00,5.676912268872473533e+01
-2.126722948945224516e+02,7.015201066978359323e-01,5.776871260057066593e+01
-2.749749828631412356e+02,3.655987500753400399e-01,5.887700906780518295e+01
-3.393786653368366615e+02,7.073496370097243080e-03,6.009401209042831482e+01
7.829330515055712567e+02,2.712380491575988817e+00,6.824377066367745215e+01
7.609992920562666541e+02,2.865075376071993141e+00,6.691303662290329157e+01
7.369645381018856369e+02,2.995166363485253669e+00,6.569100913751773874e+01
7.108287896424280916e+02,3.102653453815769513e+00,6.457768820752076522e+01
6.825920466778941318e+02,3.187536647063541118e+00,6.357307383291239944e+01
6.522543092082836438e+02,3.249815943228568926e+00,6.267716601369263429e+01
6.198155772335966276e+02,3.289491342310851607e+00,6.188996474986145557e+01
5.852758507538330832e+02,3.306562844310390936e+00,6.121147004141887038e+01
5.486351297689932380e+02,3.301030449227186470e+00,6.064168188836488582e+01
5.098934142790768647e+02,3.272894157061236431e+00,6.018060029069949479e+01
4.690507042840839631e+02,3.222153967812543485e+00,5.982822524842270440e+01
4.261069997840144197e+02,3.148809881481105855e+00,5.958455676153450042e+01
3.810623007788686891e+02,3.052861898066923541e+00,5.944959483003489709e+01
3.339166072686464304e+02,2.934310017569997875e+00,5.942333945392388728e+01
2.846699192533477571e+02,2.793154239990327525e+00,5.950579063320147100e+01
2.333222367329725557e+02,2.629394565327912936e+00,5.969694836786765535e+01
1.798735597075202577e+02,2.443030993582754995e+00,5.999681265792242613e+01
1.243238881769922273e+02,2.234063524754851038e+00,6.040538350336581175e+01
6.667322214138755498e+01,2.002492158844203729e+00,6.092266090419776958e+01
6.921561600706240824e+00,1.748316895850813069e+00,6.154864486041833516e+01
-5.493109344505126046e+01,1.471537735774677280e+00,6.228333537202750136e+01
-1.188847429958856310e+02,1.172154678615797252e+00,6.312673243902525400e+01
-1.849393870517959613e+02,8.501677243741739831e-01,6.407883606141160726e+01
-2.530950256127829334e+02,5.055768730498063634e-01,6.513964623918656116e+01
-3.233516586788467748e+02,1.383821246426927276e-01,6.630916297235009438e+01
9.561137144783186841e+02,3.052245892907154090e+00,7.559674164212125902e+01
9.283270044366456659e+02,3.196271282701287575e+00,7.421852131188752821e+01
8.984392998898964606e+02,3.317692775412676820e+00,7.294900753704239094e+01
8.664506008380704998e+02,3.416510371041321381e+00,7.178820031758584719e+01
8.323609072811683518e+02,3.492724069587222591e+00,7.073609965351789697e+01
7.961702192191893346e+02,3.546333871050379560e+00,6.979270554483854028e+01
7.578785366521341302e+02,3.577339775430791402e+00,6.895801799154779133e+01
7.174858595800023977e+02,3.585741782728459892e+00,6.823203699364563590e+01
6.749921880027942507e+02,3.571539892943384142e+00,6.761476255113205980e+01
6.303975219205096892e+02,3.534734106075563709e+00,6.710619466400709143e+01
5.837018613331482584e+02,3.475324422124999479e+00,6.670633333227070239e+01
5.349052062407107542e+02,3.393310841091691010e+00,6.641517855592293529e+01
4.840075566431964944e+02,3.288693362975637413e+00,6.623273033496374751e+01
4.310089125406060475e+02,3.161471987776841353e+00,6.615898866939315326e+01
3.759092739329388451e+02,3.011646715495300164e+00,6.619395355921115254e+01
3.187086408201952281e+02,2.839217546131013847e+00,6.633762500441775956e+01
2.594070132023754240e+02,2.644184479683985067e+00,6.659000300501296010e+01
1.980043910794787507e+02,2.426547516154212047e+00,6.695108756099675418e+01
1.345007744515058903e+02,2.186306655541693011e+00,6.742087867236914178e+01
6.889616331845638797e+01,1.923461897846430624e+00,6.799937633913012291e+01
1.190557680330243784e+00,1.638013243068424885e+00,6.868658056127969758e+01
-6.861604246287208753e+01,1.329960691207674017e+00,6.948249133881787998e+01
-1.405236371111510607e+02,9.993042422641790212e-01,7.038710867174465591e+01
-2.145322262645066758e+02,6.460438962379414507e-01,7.140043256006001116e+01
-2.906418099229384779e+02,2.701796531289560876e-01,7.252246300376397414e+01
1.145977219548984522e+03,3.392600194451986351e+00,8.294786177005718741e+01
1.112337558914943202e+03,3.527956089544248997e+00,8.152215515036387217e+01
1.076596903775825922e+03,3.640708087553767403e+00,8.020515508605915045e+01
1.038755254131631773e+03,3.730856188480541569e+00,7.899686157714303647e+01
9.988126099823610957e+02,3.798400392324571051e+00,7.789727462361550181e+01
9.567689713280138903e+02,3.843340699085857182e+00,7.690639422547656068e+01
9.126243381685904978e+02,3.865677108764399073e+00,7.602422038272622729e+01
8.663787105040904635e+02,3.865409621360195835e+00,7.525075309536447321e+01
8.180320883345139009e+02,3.842538236873249247e+00,7.458599236339134109e+01
7.675844716598609239e+02,3.797062955303557530e+00,7.402993818680677407e+01
7.150358604801313049e+02,3.728983776651122461e+00,7.358259056561082900e+01
6.603862547953254989e+02,3.638300700915943153e+00,7.324394949980347747e+01
6.036356546054432783e+02,3.525013728098019605e+00,7.301401498938470525e+01
5.447840599104841885e+02,3.389122858197350929e+00,7.289278703435454076e+01
4.838314707104487979e+02,3.230628091213939346e+00,7.288026563471296981e+01
4.207778870053367655e+02,3.049529427147783522e+00,7.297645079045997818e+01
3.556233087951485459e+02,2.845826865998882127e+00,7.318134250159559429e+01
2.883677360798839118e+02,2.619520407767236492e+00,7.349494076811980392e+01
2.190111688595424084e+02,2.370610052452848393e+00,7.391724559003262129e+01
1.475536071341247180e+02,2.099095800055716055e+00,7.444825696733401799e+01
7.399505090363038562e+01,1.804977650575837700e+00,7.508797490002402242e+01
-1.664499831940361219e+00,1.488255604013215994e+00,7.583639938810260617e+01
-7.942504507258752255e+01,1.148929660367850047e+00,7.669353043156979766e+01
-1.592865848183108710e+02,7.869998196397426371e-01,7.765936803042559688e+01
-2.412491190691110887e+02,4.024660818288873232e-01,7.873391218466996122e+01
1.352523566717569338e+03,3.733443396210486043e+00,9.029713104748523733e+01
1.313030955491160057e+03,3.860129796600878294e+00,8.882393813833235185e+01
1.271437349759673907e+03,3.964212299908525416e+00,8.745945178456804570e+01
1.227742749523111343e+03,4.045690906133428300e+00,8.620367198619233307e+01
1.181947154781472364e+03,4.104565615275587831e+00,8.505659874320522817e+01
1.134050565534757425e+03,4.140836427335002234e+00,8.401823205560671681e+01
1.084052981782965617e+03,4.154503342311672398e+00,8.308857192339679898e+01
1.031954403526096939e+03,4.145566360205599210e+00,8.226761834657547467e+01
9.777548307641523024e+02,4.114025481016781782e+00,8.155537132514274390e+01
9.214542634971309099e+02,4.059880704745219226e+00,8.095183085909862086e+01
8.630527017250332165e+02,3.983132031390912431e+00,8.045699694844307714e+01
8.025501454478587675e+02,3.883779460953862284e+00,8.007086959317614117e+01
7.399465946656082451e+02,3.761822993434067897e+00,7.979344879329778450e+01
6.752420493782809672e+02,3.617262628831528382e+00,7.962473454880803558e+01
6.084365095858773884e+02,3.450098367146246403e+00,7.956472685970688019e+01
5.395299752883971678e+02,3.260330208378218408e+00,7.961342572599431833e+01
4.685224464858403053e+02,3.047958152527446174e+00,7.977083114767036420e+01
3.954139231782074830e+02,2.812982199593930588e+00,8.003694312473500361e+01
3.202044053654980189e+02,2.555402349577671650e+00,8.041176165718822233e+01
2.428938930477119129e+02,2.275218602478667584e+00,8.089528674503004879e+01
1.634823862248493924e+02,1.972430958296918391e+00,8.148751838826045457e+01
8.196988489691000268e+01,1.647039417032425845e+00,8.218845658687948230e+01
-1.643610936105574183e+00,1.299043978685189948e+00,8.299810134088707514e+01
-8.735810127419733817e+01,9.284446432552081463e-01,8.391645265028328993e+01
-1.751735861173659714e+02,5.352414107424828815e-01,8.494351051506809824e+01
1.575752755984071882e+03,4.074775498182651390e+00,9.764454947440539456e+01
1.530407194165294186e+03,4.192792403871171913e+00,9.612387027579291043e+01
1.482960637841440075e+03,4.288205412476948197e+00,9.471189763256903404e+01
1.433413087012509550e+03,4.361014523999981130e+00,9.340863154473375118e+01
1.381764541678502155e+03,4.411219738440268046e+00,9.221407201228704764e+01
1.328015001839418346e+03,4.438821055797812498e+00,9.112821903522896605e+01
1.272164467495258577e+03,4.443818476072612711e+00,9.015107261355946378e+01
1.214212938646021939e+03,4.426211999264667796e+00,8.928263274727855503e+01
1.154160415291708887e+03,4.386001625373978641e+00,8.852289943638623981e+01
1.092006897432318965e+03,4.323187354400546134e+00,8.787187268088253234e+01
1.027752385067853083e+03,4.237769186344367611e+00,8.732955248076741839e+01
9.613968781983104464e+02,4.129747121205447513e+00,8.689593883604089797e+01
8.929403768236915084e+02,3.999121158983781399e+00,8.657103174670297108e+01
8.223828809439961560e+02,3.845891299679371045e+00,8.635483121275363771e+01
7.497243905592241617e+02,3.670057543292218227e+00,8.624733723419289788e+01
6.749649056693757530e+02,3.471619889822319394e+00,8.624854981102075158e+01
5.981044262744504749e+02,3.250578339269677208e+00,8.635846894323721301e+01
5.191429523744492371e+02,3.006932891634291671e+00,8.657709463084226797e+01
4.380804839693713575e+02,2.740683546916160118e+00,8.690442687383591647e+01
3.549170210592170633e+02,2.451830305115285213e+00,8.734046567221815849e+01
2.696525636439858999e+02,2.140373166231666069e+00,8.788521102598899404e+01
1.822871117236783221e+02,1.806312130265302685e+00,8.853866293514842312e+01
9.282066529829501178e+01,1.449647197216194172e+00,8.930082139969645993e+01
1.253224367835287012e+00,1.070378367084344973e+00,9.017168641963309028e+01
-9.241521106770176175e+01,6.685056398697463154e-01,9.115125799495829995e+01
1.815664787348493519e+03,4.416596500368484612e+00,1.049901170508176449e+02
1.764466274937347407e+03,4.525943911355133409e+00,1.034219515627455905e+02
1.711166768021124881e+03,4.612687425259039742e+00,1.019624926300621297e+02
1.655766266599825940e+03,4.676827042080200947e+00,1.006117402527672624e+02
1.598264770673450585e+03,4.718362761818617912e+00,9.936969443086100284e+01
1.538662280241998360e+03,4.737294584474290637e+00,9.823635516434330839e+01
1.476958795305469721e+03,4.733622510047220011e+00,9.721172245321423588e+01
1.413154315863865122e+03,4.707346538537404257e+00,9.629579629747375691e+01
1.347248841917183654e+03,4.658466669944844263e+00,9.548857669712185725e+01
1.279242373465426226e+03,4.586982904269540917e+00,9.479006365215857954e+01
1.209134910508591020e+03,4.492895241511492443e+00,9.420025716258386694e+01
1.136926453046680763e+03,4.376203681670699730e+00,9.371915722839777629e+01
1.062617001079693182e+03,4.236908224747163665e+00,9.334676384960025075e+01
9.862065546076299825e+02,4.075008870740882472e+00,9.308307702619134716e+01
9.076951136304891179e+02,3.890505619651857039e+00,9.292809675817103710e+01
8.270826781482725210e+02,3.683398471480089142e+00,9.288182304553930635e+01
7.443692481609792821e+02,3.453687426225575230e+00,9.294425588829618334e+01
6.595548236686098562e+02,3.201372483888317078e+00,9.311539528644166808e+01
5.726394046711637884e+02,2.926453644468316462e+00,9.339524123997573213e+01
4.836229911686410787e+02,2.628930907965570718e+00,9.378379374889838971e+01
3.925055831610412724e+02,2.308804274380078958e+00,9.428105281320964082e+01
2.992871806483659611e+02,1.966073743711844735e+00,9.488701843290949967e+01
2.039677836306142353e+02,1.600739315960868936e+00,9.560169060799793783e+01
1.065473921077851855e+02,1.212800991127144457e+00,9.642506933847498374e+01
7.026006079880176003e+00,8.022587692106776247e-01,9.735715462434063738e+01
2.072259660810833338e+03,4.758906402767983934e+00,1.123338337767220168e+02
2.015208197807319266e+03,4.859584319052762780e+00,1.107181819991903780e+02
1.956055740298728324e+03,4.937658338254797386e+00,1.092112367770473469e+02
1.894802288285060968e+03,4.993128460374087751e+00,1.078129981102928951e+02
1.831447841766317197e+03,5.025994685410632989e+00,1.065234659989270511e+02
1.765992400742497011e+03,5.036257013364435764e+00,1.053426404429497865e+02
1.698435965213599957e+03,5.023915444235493410e+00,1.042705214423611295e+02
1.628778535179626942e+03,4.988969978023807705e+00,1.033071089971610519e+02
1.557020110640577514e+03,4.931420614729375984e+00,1.024524031073495820e+02
1.483160691596451215e+03,4.851267354352201799e+00,1.017064037729267199e+02
1.407200278047248503e+03,4.748510196892281598e+00,1.010691109938924370e+02
1.329138869992969376e+03,4.623149142349619822e+00,1.005405247702467619e+02
1.248976467433613834e+03,4.475184190724212030e+00,1.001206451019896662e+02
1.166713070369181878e+03,4.304615342016059998e+00,9.980947198912117813e+01
1.082348678799673507e+03,4.111442596225165502e+00,9.960700543164128362e+01
9.958832927250886087e+02,3.895665953351524990e+00,9.951324542954996843e+01
9.073169121454267270e+02,3.657285413395140239e+00,9.952819198284727520e+01
8.166495370606888855e+02,3.396300976356011248e+00,9.965184509153316128e+01
7.238811674708744022e+02,3.112712642234138904e+00,9.988420475560764089e+01
6.290118033759832770e+02,2.806520411029522322e+00,1.002252709750707282e+02
5.320414447760155099e+02,2.477724282742159723e+00,1.006750437499223949e+02
4.329700916709717831e+02,2.126324257372054660e+00,1.012335230801626835e+02
3.317977440608516417e+02,1.752320334919206246e+00,1.019007089657915515e+02
2.285244019456550859e+02,1.355712515383611816e+00,1.026766014068090129e+02
1.231500653253816608e+02,9.365007987652732568e-01,1.035612004032150537e+02
2.345537376371091341e+03,5.101705205381150243e+00,1.196756996521185243e+02
2.282632962775208853e+03,5.193713626964058250e+00,1.180125615851273011e+02
2.217627554674249950e+03,5.263118151464221128e+00,1.164581300735246856e+02
2.150521152068214178e+03,5.309918778881641543e+00,1.150124051173106494e+02
2.081313754957101992e+03,5.334115509216316831e+00,1.136753867164852210e+02
2.010005363340913846e+03,5.335708342468246990e+00,1.124470748710483718e+02
1.936595977219648830e+03,5.314697278637433797e+00,1.113274695810001305e+02
1.861085596593307400e+03,5.271082317723877253e+00,1.103165708463404968e+02
1.783474221461889556e+03,5.204863459727574693e+00,1.094143786670694425e+02
1.703761851825394842e+03,5.116040704648529669e+00,1.086208930431869817e+02
1.621948487683823714e+03,5.004614052486740405e+00,1.079361139746931286e+02
1.538034129037176626e+03,4.870583503242205126e+00,1.073600414615878691e+02
1.452018775885452669e+03,4.713949056914927382e+00,1.068926755038712031e+02
1.363902428228652752e+03,4.534710713504905399e+00,1.065340161015431164e+02
1.273685086066775057e+03,4.332868473012137400e+00,1.062840632546036517e+02
1.181366749399822311e+03,4.108422335436626938e+00,1.061428169630527520e+02
1.086947418227792241e+03,3.861372300778372235e+00,1.061102772268904744e+02
9.904270925506860976e+02,3.591718369037371517e+00,1.061864440461167902e+02
8.918057723685036535e+02,3.299460540213629223e+00,1.063713174207316854e+02
7.910834576812441128e+02,2.984598814307140024e+00,1.066648973507351883e+02
6.882601484889083849e+02,2.647133191317908363e+00,1.070671838361272847e+02
5.833358447914957878e+02,2.287063671245931573e+00,1.075781768769079747e+02
4.763105465890072310e+02,1.904390254091211432e+00,1.081978764730772582e+02
3.671842538814422596e+02,1.499112939853748827e+00,1.089262826246351494e+02
2.559569666688004190e+02,1.071231728533538430e+00,1.097633953315816342e+02
2.635497934029268890e+03,5.444992908207983540e+00,1.270157146770071250e+02
2.566740569841017987e+03,5.528331835089020707e+00,1.253050903205563316e+02
2.495882211147690668e+03,5.589066864887312747e+00,1.237031725194941174e+02
2.422922857949286481e+03,5.627197997602861435e+00,1.222099612738205110e+02
2.347862510245806334e+03,5.642725233235665883e+00,1.208254565835354981e+02
2.270701168037249772e+03,5.635648571785726091e+00,1.195496584486390788e+02
2.191438831323616341e+03,5.605968013253042059e+00,1.183825668691312671e+02
2.110075500104906496e+03,5.553683557637613788e+00,1.173241818450120348e+02
2.026611174381120236e+03,5.478795204939441277e+00,1.163745033762814103e+02
1.941045854152257562e+03,5.381302955158524526e+00,1.155335314629393650e+02
1.853379539418318473e+03,5.261206808294863535e+00,1.148012661049859275e+02
1.763612230179302969e+03,5.118506764348458304e+00,1.141777073024210694e+02
1.671743926435210142e+03,4.953202823319307946e+00,1.136628550552448331e+02
1.577774628186041809e+03,4.765294985207416012e+00,1.132567093634571904e+02
1.481704335431796608e+03,4.554783250012777174e+00,1.129592702270581128e+02
1.383533048172474992e+03,4.321667617735394984e+00,1.127705376460476572e+02
1.283260766408076961e+03,4.065948088375270331e+00,1.126905116204257808e+02
1.180887490138602516e+03,3.787624661932399661e+00,1.127191921501925265e+02
1.076413219364051201e+03,3.486697338406783864e+00,1.128565792353478372e+02
9.698379540844240410e+02,3.163166117798427379e+00,1.131026728758917557e+02
8.611616942997198976e+02,2.817031000107322214e+00,1.134574730718242819e+02
7.503844400099393397e+02,2.448291985333476362e+00,1.139209798231453874e+02
6.375061912150819126e+02,2.056949073476884493e+00,1.144931931298551007e+02
5.225269479151489804e+02,1.643002264537550161e+00,1.151741129919534075e+02
4.054467101101391791e+02,1.206451558515468037e+00,1.159637394094402936e+02
2.942141333785364623e+03,5.788769511248483823e+00,1.343538788513878330e+02
2.867531019004745303e+03,5.863438943427649264e+00,1.325957682054774409e+02
2.790819709719049570e+03,5.915504478524071352e+00,1.309463641149556565e+02
2.712007405928277421e+03,5.944966116537749201e+00,1.294056665798224799e+02
2.631094107632428859e+03,5.951823857468681922e+00,1.279736756000778968e+02
2.548079814831503882e+03,5.936077701316871291e+00,1.266503911757218930e+02
2.462964527525502490e+03,5.897727648082316421e+00,1.254358133067544827e+02
2.375748245714423774e+03,5.836773697765016422e+00,1.243299419931756802e+02
2.286430969398269553e+03,5.753215850364973960e+00,1.233327772349854570e+02
2.195012698577038464e+03,5.647054105882186370e+00,1.224443190321838415e+02
2.101493433250730959e+03,5.518288464316653652e+00,1.216645673847708338e+02
2.005873173419347040e+03,5.366918925668378471e+00,1.209935222927463911e+02
1.908151919082886252e+03,5.192945489937358161e+00,1.204311837561105705e+02
1.808329670241349504e+03,4.996368157123592724e+00,1.199775517748633291e+02
1.706406426894736342e+03,4.777186927227085711e+00,1.196326263490046955e+02
1.602382189043046765e+03,4.535401800247832682e+00,1.193964074785346554e+02
1.496256956686279409e+03,4.271012776185834525e+00,1.192688951634532089e+02
1.388030729824437003e+03,3.984019855041093905e+00,1.192500894037603558e+02
1.277703508457517273e+03,3.674423036813608157e+00,1.193399901994560963e+02
1.165275292585522038e+03,3.342222321503378168e+00,1.195385975505404446e+02
1.050746082208449479e+03,2.987417709110404829e+00,1.198459114570133721e+02
9.341158773263006196e+02,2.610009199634687249e+00,1.202619319188749074e+02
8.153846779390752317e+02,2.209996793076221877e+00,1.207866589361250362e+02
6.945524840467738841e+02,1.787380489435019371e+00,1.214200925087637444e+02
5.716192956493956672e+02,1.342160288711065519e+00,1.221622326367910745e+02
3.265467575639377174e+03,6.133035014502649318e+00,1.416901921752606199e+02
3.185004310266389894e+03,6.199034951979944807e+00,1.398845952398906434e+02
3.102440050388325744e+03,6.242430992374495169e+00,1.381877048599092745e+02
3.017774796005185635e+03,6.263223135686302179e+00,1.365995210353165135e+02
2.931008547116968657e+03,6.261411381915364061e+00,1.351200437661123601e+02
2.842141303723675264e+03,6.236995731061682591e+00,1.337492730522967577e+02
2.751173065825305457e+03,6.189976183125256881e+00,1.324872088938698198e+02
2.658103833421859235e+03,6.120352738106086044e+00,1.313338512908314328e+02
2.562933606513336144e+03,6.028125396004170966e+00,1.302892002431815968e+02
2.465662385099736639e+03,5.913294156819513425e+00,1.293532557509204253e+02
2.366290169181061174e+03,5.775859020552109868e+00,1.285260178140478331e+02
2.264816958757308839e+03,5.615819987201963848e+00,1.278074864325638060e+02
2.161242753828480090e+03,5.433177056769072699e+00,1.271976616064684009e+02
2.055567554394574927e+03,5.227930229253436423e+00,1.266965433357615893e+02
1.947791360455592894e+03,5.000079504655058571e+00,1.263041316204433713e+02
1.837914172011534902e+03,4.749624882973933815e+00,1.260204264605137467e+02
1.725935989062400040e+03,4.476566364210064819e+00,1.258454278559727157e+02
1.611856811608189219e+03,4.180903948363452471e+00,1.257791358068202925e+02
1.495676639648901528e+03,3.862637635434097660e+00,1.258215503130564485e+02
1.377395473184537423e+03,3.521767425421996833e+00,1.259726713746812123e+02
1.257013312215096448e+03,3.158293318327150878e+00,1.262324989916945697e+02
1.134530156740579059e+03,2.772215314149562460e+00,1.266010331640965063e+02
1.009946006760986279e+03,2.363533412889228913e+00,1.270782738918870649e+02
8.832608622763160611e+02,1.932247614546152903e+00,1.276642211750662028e+02
7.544747232865694286e+02,1.478357919120330877e+00,1.283588750136339627e+02
3.605476659591310181e+03,6.477789417970482688e+00,1.490246546486255852e+02
3.519160443625954031e+03,6.535119860745907339e+00,1.471715714237960242e+02
3.430743233155521921e+03,6.569846406438587749e+00,1.454271947543550709e+02
3.340225028180013396e+03,6.581969055048522144e+00,1.437915246403027254e+02
3.247605828699428002e+03,6.571487806575714075e+00,1.422645610816389876e+02
3.152885634713766649e+03,6.538402661020161766e+00,1.408463040783638007e+02
3.056064446223027971e+03,6.482713618381864329e+00,1.395367536304772784e+02
2.957142263227213334e+03,6.404420678660822652e+00,1.383359097379793070e+02
2.856119085726322282e+03,6.303523841857038512e+00,1.372437724008698865e+02
2.752994913720354816e+03,6.180023107970508356e+00,1.362603416191491306e+02
2.647769747209310935e+03,6.033918477001233960e+00,1.353856173928169824e+02
2.540443586193189731e+03,5.865209948949217100e+00,1.346195997218733851e+02
2.431016430671993021e+03,5.673897523814455113e+00,1.339622886063183387e+02
2.319488280645719897e+03,5.459981201596947997e+00,1.334136840461520137e+02
2.205859136114369903e+03,5.223460982296698418e+00,1.329737860413741828e+02
2.090128997077943495e+03,4.964336865913702823e+00,1.326425945919849596e+02
1.972297863536439309e+03,4.682608852447963876e+00,1.324201096979844010e+02
1.852365735489860526e+03,4.378276941899482466e+00,1.323063313593723365e+02
1.730332612938204420e+03,4.051341134268254152e+00,1.323012595761489365e+02
1.606198495881472354e+03,3.701801429554283374e+00,1.324048943483141443e+02
1.479963384319662964e+03,3.329657827757566579e+00,1.326172356758679030e+02
1.351627278252777614e+03,2.934910328878107322e+00,1.329382835588102694e+02
1.221190177680815850e+03,2.517558932915900272e+00,1.333680379971412435e+02
1.088652082603778126e+03,2.077603639870956087e+00,1.339064989908607686e+02
9.540129930216636467e+02,1.615044449743260557e+00,1.345536665399689582e+02
3.962168585641160917e+03,6.823032721651983046e+00,1.563572662714826151e+02
3.869999419083436806e+03,6.871693669725536857e+00,1.544566967571935265e+02
3.775729258020636280e+03,6.897750720716344652e+00,1.526648337982929888e+02
3.679358102452759340e+03,6.901203874624409984e+00,1.509816773947810589e+02
3.580885952379805531e+03,6.882053131449731076e+00,1.494072275466577366e+02
3.480312807801775762e+03,6.840298491192307040e+00,1.479414842539229653e+02
3.377638668718669578e+03,6.775939953852139652e+00,1.465844475165768586e+02
3.272863535130486525e+03,6.688977519429228025e+00,1.453361173346193027e+02
3.165987407037226149e+03,6.579411187923570381e+00,1.441964937080502978e+02
3.057010284438890267e+03,6.447240959335171162e+00,1.431655766368699574e+02
2.945932167335477970e+03,6.292466833664025927e+00,1.422433661210782248e+02
2.832753055726989260e+03,6.115088810910136452e+00,1.414298621606750430e+02
2.717472949613424134e+03,5.915106891073504514e+00,1.407250647556604690e+02
2.600091848994782595e+03,5.692521074154127447e+00,1.401289739060345028e+02
2.480609753871064640e+03,5.447331360152005253e+00,1.396415896117970874e+02
2.359026664242269817e+03,5.179537749067140595e+00,1.392629118729483366e+02
2.235342580108397669e+03,4.889140240899529921e+00,1.389929406894881367e+02
2.109557501469449562e+03,4.576138835649175007e+00,1.388316760614165446e+02
1.981671428325425950e+03,4.240533533316077630e+00,1.387791179887335602e+02
1.851684360676325468e+03,3.882324333900234237e+00,1.388352664714391267e+02
1.719596298522147663e+03,3.501511237401647492e+00,1.390001215095333578e+02
1.585407241862894352e+03,3.098094243820316507e+00,1.392736831030161397e+02
1.449117190698564173e+03,2.672073353156241282e+00,1.396559512518874726e+02
1.310726145029158033e+03,2.223448565409423594e+00,1.401469259561474701e+02
1.170234104854675024e+03,1.752219880579859890e+00,1.407466072157960753e+02
4.335543353788930290e+03,7.168764925547150391e+00,1.636880270438317666e+02
4.237521236638837763e+03,7.208756378918833363e+00,1.617399712400830936e+02
4.137398124983669732e+03,7.226143935207770319e+00,1.599006219917229714e+02
4.035174018823423921e+03,7.220927594413963924e+00,1.581699792987514570e+02
3.930848918158102606e+03,7.193107356537414177e+00,1.565480431611685503e+02
3.824422822987704421e+03,7.142683221578119301e+00,1.550348135789742514e+02
3.715895733312229822e+03,7.069655189536081963e+00,1.536302905521685034e+02
3.605267649131678354e+03,6.974023260411298608e+00,1.523344740807513631e+02
3.492538570446050926e+03,6.855787434203771014e+00,1.511473641647228305e+02
3.377708497255345719e+03,6.714947710913500067e+00,1.500689608040829057e+02
3.260777429559565462e+03,6.551504090540483993e+00,1.490992639988315318e+02
3.141745367358707881e+03,6.365456573084723679e+00,1.482382737489688225e+02
3.020612310652774795e+03,6.156805158546220902e+00,1.474859900544946640e+02
2.897378259441764385e+03,5.925549846924972108e+00,1.468424129154091133e+02
2.772043213725678015e+03,5.671690638220979075e+00,1.463075423317121135e+02
2.644607173504515231e+03,5.395227532434243578e+00,1.458813783034037783e+02
2.515070138778276032e+03,5.096160529564762953e+00,1.455639208304839940e+02
2.383432109546959509e+03,4.774489629612537200e+00,1.453551699129528174e+02
2.249693085810567482e+03,4.430214832577568984e+00,1.452551255508102486e+02
2.113853067569097675e+03,4.063336138459853863e+00,1.452637877440562875e+02
1.975912054822551909e+03,3.673853547259396279e+00,1.453811564926908773e+02
1.835870047570929728e+03,3.261767058976193567e+00,1.456072317967140748e+02
1.693727045814231587e+03,2.827076673610248392e+00,1.459420136561258801e+02
1.549483049552457487e+03,2.369782391161560753e+00,1.463855020709262931e+02
1.403138058785606063e+03,1.889884211630125321e+00,1.469376970411152570e+02
4.725600964034618301e+03,7.514986029655983835e+00,1.710169369656730396e+02
4.621725896292157813e+03,7.546307988325795080e+00,1.690213948724647253e+02
4.515749834044620911e+03,7.555026049912862085e+00,1.671345593346450755e+02
4.407672777292007595e+03,7.541140214417185739e+00,1.653564303522139767e+02
4.297494726034316955e+03,7.504650481838764264e+00,1.636870079251714856e+02
4.185215680271550809e+03,7.445556852177597662e+00,1.621262920535176022e+02
4.070835640003708249e+03,7.363859325433689484e+00,1.606742827372522697e+02
3.954354605230788366e+03,7.259557901607035291e+00,1.593309799763755450e+02
3.835772575952791613e+03,7.132652580697635969e+00,1.580963837708874280e+02
3.715089552169719354e+03,6.983143362705495072e+00,1.569704941207879187e+02
3.592305533881570227e+03,6.811030247630608159e+00,1.559533110260770172e+02
3.467420521088344685e+03,6.616313235472977894e+00,1.550448344867546666e+02
3.340434513790042729e+03,6.398992326232602501e+00,1.542450645028209237e+02
3.211347511986664813e+03,6.159067519909482868e+00,1.535540010742757886e+02
3.080159515678209573e+03,5.896538816503620772e+00,1.529716442011192612e+02
2.946870524864678373e+03,5.611406216015012660e+00,1.524979938833513415e+02
2.811480539546071213e+03,5.303669718443661196e+00,1.521330501209719728e+02
2.673989559722386275e+03,4.973329323789563716e+00,1.518768129139812118e+02
2.534397585393625377e+03,4.620385032052723773e+00,1.517292822623790585e+02
2.392704616559788064e+03,4.244836843233141366e+00,1.516904581661655129e+02
2.248910653220873883e+03,3.846684757330811166e+00,1.517603406253405183e+02
2.103015695376883741e+03,3.425928774345738503e+00,1.519389296399041314e+02
1.955019743027817185e+03,2.982568894277921601e+00,1.522262252098563522e+02
1.804922796173674215e+03,2.516605117127360458e+00,1.526222273351971808e+02
1.652724854814454829e+03,2.028037442894053299e+00,1.531269360159266171e+02
5.132341416378225404e+03,7.861696033978486042e+00,1.783439960370064341e+02
5.022613398043396955e+03,7.884348497946426448e+00,1.763009676543385353e+02
4.910784385203491183e+03,7.884397064831620838e+00,1.743666458270592443e+02
4.796854377858508997e+03,7.861841734634074541e+00,1.725410305551686179e+02
4.680823376008450396e+03,7.816682507353782228e+00,1.708241218386665423e+02
4.562691379653315380e+03,7.748919382990743898e+00,1.692159196775530177e+02
4.442458388793103950e+03,7.658552361544964882e+00,1.677164240718281576e+02
4.320124403427817015e+03,7.545581443016439849e+00,1.663256350214918484e+02
4.195689423557452756e+03,7.410006627405170576e+00,1.650435525265441470e+02
4.069153449182011173e+03,7.251827914711157952e+00,1.638701765869850533e+02
3.940516480301494084e+03,7.071045304934399311e+00,1.628055072028145673e+02
3.809778516915900582e+03,6.867658798074897319e+00,1.618495443740326891e+02
3.676939559025230665e+03,6.641668394132652864e+00,1.610022881006393618e+02
3.541999606629483878e+03,6.393074093107662392e+00,1.602637383826346422e+02
3.404958659728659768e+03,6.121875894999927681e+00,1.596338952200185304e+02
3.265816718322760153e+03,5.828073799809450506e+00,1.591127586127909694e+02
3.124573782411784578e+03,5.511667807536227315e+00,1.587003285609520731e+02
2.981229851995731678e+03,5.172657918180259884e+00,1.583966050645017276e+02
2.835784927074602820e+03,4.811044131741549101e+00,1.582015881234399899e+02
2.688239007648397546e+03,4.426826448220095855e+00,1.581152777377668031e+02
2.538592093717114949e+03,4.020004867615892152e+00,1.581376739074822808e+02
2.386844185280756392e+03,3.590579389928949539e+00,1.582687766325863095e+02
2.232995282339321875e+03,3.138550015159264461e+00,1.585085859130789459e+02
2.077045384892810034e+03,2.663916743306831592e+00,1.588571017489602468e+02
1.918994492941221779e+03,2.166679574371654482e+00,1.593143241402300418e+02
